trial,target_number,time_seconds,hit,horizontal_angular_error_degrees,distance_error_3d_meters
1,1,100.504,0,3.729,3.213
2,1,2.133,0,36.416,4.751
3,1,1.651,0,7.169,3.127
4,1,1.332,0,1.543,3.145
5,1,1.321,0,5.147,3.798
6,1,1.108,0,4.249,3.009
7,1,0.719,0,0.420,3.714
8,1,0.708,0,6.934,3.363
9,1,0.774,0,0.782,3.266
10,1,0.748,0,6.992,3.702
11,1,0.810,0,14.029,4.069
12,1,0.922,0,14.703,3.945
13,1,0.551,0,3.190,3.243
14,1,0.564,1,2.225,1.861
15,3,13.992,0,43.298,3.407
16,3,1.716,1,1.034,2.491
17,4,6.427,0,47.366,2.973
18,4,1.067,0,26.576,2.204
19,4,0.785,1,4.587,1.761
20,2,5.775,0,28.016,3.454
21,2,0.760,0,6.508,2.877
22,2,0.600,0,0.985,2.233
23,2,0.598,0,2.869,0.373
24,2,0.769,0,2.349,1.287
25,2,0.658,0,6.759,3.274
26,2,0.573,0,2.752,4.181
27,2,0.593,0,4.300,5.225
28,2,0.541,0,5.097,2.134
29,2,0.560,0,4.350,1.372
30,2,0.573,0,8.818,1.890
31,2,0.536,0,10.640,1.798
32,2,0.498,0,11.576,2.713
33,2,0.579,0,1.255,2.378
34,2,1.775,1,3.288,2.149
1,2,76.336,1,0.289,1.360
2,2,28.104,1,2.202,1.281
3,2,25.909,0,104.211,4.392
4,2,30.938,1,17.538,0.869
5,2,8.607,0,19.906,0.440
6,2,1.627,0,6.997,0.458
7,2,1.008,0,3.005,1.327
8,2,1.049,1,1.840,1.462
9,2,2.014,0,46.130,1.141
10,2,0.577,0,40.272,1.119
11,2,0.568,0,46.195,1.257
12,2,8.669,1,0.620,0.855
1,2,84.306,0,21.234,2.339
2,2,4.398,0,2.550,0.260
3,2,2.554,0,0.886,1.557
4,2,3.061,0,0.721,1.092
5,2,5.723,0,0.028,1.176
6,2,0.775,0,0.186,1.245
7,2,0.870,0,0.000,1.266
8,2,1.194,0,0.066,1.251
9,2,0.552,0,0.095,1.270
10,2,1.975,0,5.414,1.173
11,2,0.904,0,2.555,1.034
12,2,0.656,0,4.014,1.034
13,2,0.759,0,2.902,0.912
14,2,1.224,0,11.710,1.244
15,2,1.128,0,11.344,1.044
16,2,1.068,0,2.031,0.953
17,2,1.395,0,1.796,1.226
18,2,0.971,0,3.356,0.651
19,2,0.923,0,1.130,0.522
20,2,0.496,0,3.365,1.082
21,2,2.731,0,3.286,1.306
22,2,0.323,0,0.695,1.390
23,2,0.313,0,0.990,1.522
24,2,1.173,0,0.809,1.370
25,2,0.490,0,0.140,1.326
26,2,1.879,0,0.410,1.009
27,2,0.355,0,0.750,1.068
28,2,2.818,0,0.902,1.798
29,2,0.481,0,0.395,2.071
30,2,0.601,0,12.657,2.451
31,2,0.475,0,9.991,1.753
32,2,0.330,0,2.175,1.244
33,2,7.245,0,0.930,1.101
34,2,0.593,0,11.770,1.224
35,2,0.576,0,8.345,1.266
36,2,0.169,0,9.133,1.273
37,2,1.590,0,5.218,1.211
38,2,0.343,0,5.117,1.293
39,2,0.162,0,6.555,1.308
40,2,0.166,0,6.694,1.315
41,2,0.325,0,8.675,1.327
42,2,0.393,0,7.588,1.312
43,2,1.536,0,1.398,1.052
44,2,0.321,0,3.042,1.070
45,2,0.234,0,3.042,1.102
46,2,0.195,0,2.196,1.122
47,2,1.711,0,51.252,1.732
1,1,18.620,0,47.294,3.870
2,1,3.403,0,32.137,3.404
3,1,0.751,0,35.732,3.514
4,1,1.142,0,37.295,3.543
5,1,0.753,0,36.899,3.487
6,1,0.697,0,37.628,3.538
7,1,0.667,0,37.850,3.548
8,1,1.448,0,26.553,3.148
9,1,22.303,0,0.664,1.915
10,1,0.587,0,0.515,1.952
11,1,0.639,0,2.408,1.108
12,1,0.560,0,0.608,1.965
13,1,1.393,0,4.888,1.361
14,1,0.245,0,1.853,1.282
15,1,0.253,0,1.251,1.269
16,1,0.247,0,1.648,1.284
17,1,0.252,0,1.099,1.255
18,1,0.752,0,0.576,1.013
19,1,0.256,0,2.174,1.148
20,1,0.167,0,0.928,1.456
21,1,0.258,0,1.072,1.554
22,1,0.171,0,0.066,1.620
23,1,0.156,0,0.335,1.545
24,1,0.172,0,0.287,1.521
25,1,0.301,0,0.704,1.529
26,1,0.177,0,0.786,1.526
27,1,0.174,0,0.264,1.530
28,1,0.179,0,0.020,1.541
29,1,0.169,0,0.575,1.553
30,1,0.157,0,0.289,1.544
31,1,0.157,0,0.877,1.497
32,1,0.417,0,1.339,1.535
33,1,0.156,0,2.120,1.550
34,1,0.165,0,3.346,1.569
35,1,0.172,0,4.634,1.554
36,1,0.160,0,6.212,1.565
37,1,0.213,0,5.554,1.574
38,1,0.153,0,5.285,1.573
39,1,0.162,0,5.183,1.572
40,1,0.157,0,4.540,1.580
41,1,0.350,0,5.592,1.590
42,1,0.157,0,5.362,1.589
43,1,0.178,0,5.906,1.587
44,1,0.269,0,5.993,1.558
45,1,0.227,0,4.966,1.645
1,4,7.054,0,7.332,1.514
2,4,0.532,0,3.430,1.616
3,4,0.544,0,4.287,1.448
4,4,0.393,0,4.490,1.422
5,4,0.401,0,5.132,1.448
6,4,0.334,0,3.797,1.467
7,4,0.385,0,4.616,1.422
8,4,0.336,0,3.940,1.499
9,4,0.462,0,6.480,1.416
10,4,0.315,0,5.200,1.478
11,4,0.503,0,5.429,1.482
12,4,0.417,0,6.569,1.483
13,4,0.477,0,9.627,1.501
14,4,0.333,0,7.897,1.515
15,4,0.641,0,6.920,1.555
16,4,0.471,0,6.343,1.636
17,4,0.541,0,7.611,1.613
18,4,0.485,0,7.722,1.601
19,4,0.421,0,7.784,1.613
20,4,0.223,0,7.125,1.644
21,4,0.306,0,6.883,1.634
22,4,0.167,0,7.046,1.636
23,4,0.250,0,7.250,1.621
24,4,0.141,0,7.292,1.597
1,5,35.775,1,38.627,3.380
2,5,2.181,0,44.011,2.752
3,5,0.669,0,34.755,2.787
4,5,0.756,0,12.211,2.538
5,5,0.800,1,8.043,1.440
6,5,1.306,0,8.678,1.246
7,5,0.814,1,6.961,1.380
8,5,1.780,0,8.502,1.457
9,5,1.755,1,7.644,1.482
10,5,0.951,1,7.767,1.458
11,5,0.813,1,7.762,1.453
12,5,0.830,1,7.748,1.452
13,5,0.694,0,10.739,1.496
14,5,0.714,0,10.557,1.493
15,5,0.706,0,10.419,1.496
16,5,0.749,0,10.666,1.509
17,5,0.642,0,10.186,1.494
18,5,0.663,0,9.284,1.481
19,5,0.834,1,7.738,1.461
20,5,2.288,1,7.238,1.499
21,5,1.607,0,18.873,1.695
22,5,2.772,0,41.119,2.385
23,5,3.998,0,35.022,3.193
24,5,0.506,0,13.422,2.244
25,5,0.388,0,11.756,2.994
26,5,0.338,0,13.816,2.401
27,5,0.418,1,4.592,1.571
28,5,0.310,1,2.099,1.391
29,5,0.735,1,2.308,1.467
30,5,1.549,1,3.871,1.256
31,5,1.275,1,5.137,0.988
32,5,0.915,1,3.375,1.080
33,5,0.755,0,10.815,1.354
34,5,0.976,1,8.440,1.551
35,5,0.831,1,1.496,1.489
36,5,0.820,0,11.512,1.588
37,5,2.047,0,12.971,1.571
38,5,1.115,1,9.201,1.481
39,5,1.753,0,65.657,3.332
40,5,0.977,0,72.528,3.465
41,5,0.666,0,77.325,3.526
42,5,0.749,1,88.959,3.610
43,5,2.228,1,89.513,3.615
44,5,1.006,0,66.613,3.279
45,5,0.766,1,60.045,3.105
1,2,16.148,0,44.576,4.984
2,2,1.578,0,80.734,6.754
3,2,0.852,0,47.250,4.789
4,2,0.992,0,14.648,2.029
5,2,0.866,1,0.230,1.777
6,2,5.456,1,1.623,0.378
7,2,1.261,1,2.325,1.273
8,2,1.086,0,11.593,1.740
9,2,1.408,0,10.007,1.504
10,2,1.134,1,5.866,1.500
11,2,1.461,0,24.415,2.380
12,2,0.881,0,46.268,3.329
13,2,0.933,0,22.769,1.819
14,2,0.977,0,9.659,1.075
15,2,1.076,1,0.093,1.471
16,2,1.203,0,2.291,0.284
17,2,1.717,1,1.400,0.754
18,2,1.028,1,0.737,1.744
19,2,2.432,1,1.692,1.312
20,2,4.488,1,2.677,1.472
21,2,0.715,0,14.883,1.976
22,2,0.618,0,15.059,2.015
23,2,0.664,1,2.508,1.278
1,3,31.278,0,63.706,4.867
2,3,1.249,0,41.705,3.583
3,3,1.740,0,23.685,1.818
4,3,0.737,1,0.318,0.705
5,3,2.786,1,6.195,1.079
6,5,3.076,0,152.384,2.135
7,5,2.648,1,2.347,0.695
8,5,0.985,0,34.529,1.607
9,5,0.835,0,73.620,1.951
10,5,1.886,1,11.078,1.040
